{"cameraMode":{"drawMode":0,"name":"Shaded","section":"Shading Mode"},"sceneLighting":true,"audioPlay":false,"sceneViewState":{"m_AlwaysRefresh":false,"showFog":true,"showSkybox":true,"showFlares":true,"showImageEffects":true,"showParticleSystems":true,"showVisualEffectGraphs":true,"m_FxEnabled":true},"in2DMode":false,"pivot":{"x":9.649291038513184,"y":-15.855926513671875,"z":23.904163360595704},"rotation":{"x":0.20277681946754456,"y":0.12155245244503021,"z":-0.025376109406352044,"w":0.9713132977485657},"size":23.679983139038087,"orthographic":false}