{"cameraMode":{"drawMode":0,"name":"Shaded","section":"Shading Mode"},"sceneLighting":false,"audioPlay":false,"sceneViewState":{"m_AlwaysRefresh":false,"showFog":true,"showSkybox":true,"showFlares":true,"showImageEffects":true,"showParticleSystems":true,"showVisualEffectGraphs":true,"m_FxEnabled":true},"in2DMode":false,"pivot":{"x":1.4189852476119996,"y":-0.21662870049476624,"z":2.3977649211883547},"rotation":{"x":-0.14212839305400849,"y":0.20537219941616059,"z":-0.03015921637415886,"w":-0.9678322672843933},"size":4.520129203796387,"orthographic":false}