{"cameraMode":{"drawMode":0,"name":"Shaded","section":"Shading Mode"},"sceneLighting":true,"audioPlay":false,"sceneViewState":{"m_AlwaysRefresh":false,"showFog":true,"showSkybox":true,"showFlares":true,"showImageEffects":true,"showParticleSystems":true,"showVisualEffectGraphs":true,"m_FxEnabled":true},"in2DMode":false,"pivot":{"x":8.408961296081543,"y":-6.1917901039123539,"z":17.676206588745118},"rotation":{"x":0.16339735686779023,"y":0.17508304119110108,"z":-0.029481196776032449,"w":0.9704428911209106},"size":16.014869689941408,"orthographic":false}