{"cameraMode":{"drawMode":0,"name":"Shaded","section":"Shading Mode"},"sceneLighting":false,"audioPlay":false,"sceneViewState":{"m_AlwaysRefresh":false,"showFog":true,"showSkybox":true,"showFlares":true,"showImageEffects":true,"showParticleSystems":true,"showVisualEffectGraphs":true,"m_FxEnabled":true},"in2DMode":false,"pivot":{"x":-1.6832021474838257,"y":-0.5549889206886292,"z":0.9579182267189026},"rotation":{"x":-0.11827851831912995,"y":0.30938246846199038,"z":-0.03881911188364029,"w":-0.9427501559257507},"size":4.520129203796387,"orthographic":false}