{"cameraMode":{"drawMode":0,"name":"Shaded","section":"Shading Mode"},"sceneLighting":false,"audioPlay":false,"sceneViewState":{"m_AlwaysRefresh":false,"showFog":true,"showSkybox":true,"showFlares":true,"showImageEffects":true,"showParticleSystems":true,"showVisualEffectGraphs":true,"m_FxEnabled":true},"in2DMode":false,"pivot":{"x":1.2581114768981934,"y":-0.22493501007556916,"z":0.9412229657173157},"rotation":{"x":-0.1265707165002823,"y":0.31325480341911318,"z":-0.04216910898685455,"w":-0.9402469992637634},"size":4.520129203796387,"orthographic":false}