{"cameraMode":{"drawMode":0,"name":"Shaded","section":"Shading Mode"},"sceneLighting":false,"audioPlay":false,"sceneViewState":{"m_AlwaysRefresh":false,"showFog":true,"showSkybox":true,"showFlares":true,"showImageEffects":true,"showParticleSystems":true,"showVisualEffectGraphs":true,"m_FxEnabled":true},"in2DMode":false,"pivot":{"x":1.828482985496521,"y":0.04358041286468506,"z":3.1461706161499025},"rotation":{"x":-0.03177898749709129,"y":-0.039872705936431888,"z":0.0012681165244430304,"w":-0.9986888766288757},"size":4.520129203796387,"orthographic":false}