{"cameraMode":{"drawMode":0,"name":"Shaded","section":"Shading Mode"},"sceneLighting":false,"audioPlay":false,"sceneViewState":{"m_AlwaysRefresh":false,"showFog":true,"showSkybox":true,"showFlares":true,"showImageEffects":true,"showParticleSystems":true,"showVisualEffectGraphs":true,"m_FxEnabled":true},"in2DMode":false,"pivot":{"x":-0.9688583016395569,"y":-0.8970134258270264,"z":-0.17751078307628632},"rotation":{"x":-0.16910752654075623,"y":0.17839395999908448,"z":-0.03113902173936367,"w":-0.9688138365745544},"size":4.520129203796387,"orthographic":false}